EUR/USD,,CURRENCY,false
USD/JPY,,CURRENCY,false
GBP/USD,,CURRENCY,false
USD/CAD,,CURRENCY,false
USD/CHF,,CURRENCY,false
AUD/USD,,CURRENCY,false
NZD/USD,,CURRENCY,false
EUR/GBP,,CURRENCY,false
EUR/CHF,,CURRENCY,false
EUR/CAD,,CURRENCY,false
EUR/AUD,,CURRENCY,false
EUR/NZD,,CURRENCY,false
EUR/JPY,,CURRENCY,false
GBP/JPY,,CURRENCY,false
CHF/JPY,,CURRENCY,false
CAD/JPY,,CURRENCY,false
AUD/JPY,,CURRENCY,false
NZD/JPY,,CURRENCY,false
GBP/CHF,,CURRENCY,false
GBP/AUD,,CURRENCY,false
GBP/CAD,,CURRENCY,false
GBP/NZD,,CURRENCY,false
AUD/CAD,,CURRENCY,false
AUD/CHF,,CURRENCY,false
AUD/NZD,,CURRENCY,false
CAD/CHF,,CURRENCY,false
AUD/SGD,,CURRENCY,false
CHF/SGD,,CURRENCY,false
EUR/NOK,,CURRENCY,false
EUR/RUB,,CURRENCY,false
EUR/SEK,,CURRENCY,false
EUR/SGD,,CURRENCY,false
EUR/TRY,,CURRENCY,false
EUR/ZAR,,CURRENCY,false
GBP/HKD,,CURRENCY,false
GBP/NOK,,CURRENCY,false
GBP/SEK,,CURRENCY,false
GBP/SGD,,CURRENCY,false
NOK/JPY,,CURRENCY,false
NZD/CAD,,CURRENCY,false
NZD/CHF,,CURRENCY,false
SGD/JPY,,CURRENCY,false
USD/CNH,,CURRENCY,false
USD/DKK,,CURRENCY,false
USD/HKD,,CURRENCY,false
USD/MXN,,CURRENCY,false
USD/NOK,,CURRENCY,false
USD/PLN,,CURRENCY,false
USD/RUB,,CURRENCY,false
USD/SEK,,CURRENCY,false
USD/SGD,,CURRENCY,false
USD/TRY,,CURRENCY,false
USD/ZAR,,CURRENCY,false
XAG/EUR,,CURRENCY,false
XAG/USD,,CURRENCY,false
XAU/EUR,,CURRENCY,false
XAU/USD,,CURRENCY,false
BTC/USD,,CURRENCY,false
ETH/BTC,,CURRENCY,false
ETH/USD,,CURRENCY,false
LTC/BTC,,CURRENCY,false
LTC/USD,,CURRENCY,false
XRP/USD,,CURRENCY,false
XRP/BTC,,CURRENCY,false
DSH/USD,,CURRENCY,false
DSH/BTC,,CURRENCY,false
BCH/USD,,CURRENCY,false
BCH/BTC,,CURRENCY,false
EUR/HKD,,CURRENCY,false
EUR/CNH,,CURRENCY,false
EUR/DKK,,CURRENCY,false
EUR/MXN,,CURRENCY,false
EUR/PLN,,CURRENCY,false
EUR/XAG,,CURRENCY,false
EUR/XAU,,CURRENCY,false
EUR/BTC,,CURRENCY,false
EUR/ETH,,CURRENCY,false
EUR/LTC,,CURRENCY,false
EUR/XRP,,CURRENCY,false
EUR/DSH,,CURRENCY,false
EUR/BCH,,CURRENCY,false
USD/EUR,,CURRENCY,false
USD/GBP,,CURRENCY,false
USD/AUD,,CURRENCY,false
USD/NZD,,CURRENCY,false
USD/XAG,,CURRENCY,false
USD/XAU,,CURRENCY,false
USD/BTC,,CURRENCY,false
USD/ETH,,CURRENCY,false
USD/LTC,,CURRENCY,false
USD/XRP,,CURRENCY,false
USD/DSH,,CURRENCY,false
USD/BCH,,CURRENCY,false
JPY/EUR,,CURRENCY,false
JPY/USD,,CURRENCY,false
JPY/GBP,,CURRENCY,false
JPY/CAD,,CURRENCY,false
JPY/CHF,,CURRENCY,false
JPY/AUD,,CURRENCY,false
JPY/NZD,,CURRENCY,false
JPY/SGD,,CURRENCY,false
JPY/NOK,,CURRENCY,false
JPY/RUB,,CURRENCY,false
JPY/SEK,,CURRENCY,false
JPY/TRY,,CURRENCY,false
JPY/ZAR,,CURRENCY,false
JPY/HKD,,CURRENCY,false
JPY/CNH,,CURRENCY,false
JPY/DKK,,CURRENCY,false
JPY/MXN,,CURRENCY,false
JPY/PLN,,CURRENCY,false
JPY/XAG,,CURRENCY,false
JPY/XAU,,CURRENCY,false
JPY/BTC,,CURRENCY,false
JPY/ETH,,CURRENCY,false
JPY/LTC,,CURRENCY,false
JPY/XRP,,CURRENCY,false
JPY/DSH,,CURRENCY,false
JPY/BCH,,CURRENCY,false
GBP/EUR,,CURRENCY,false
GBP/RUB,,CURRENCY,false
GBP/TRY,,CURRENCY,false
GBP/ZAR,,CURRENCY,false
GBP/CNH,,CURRENCY,false
GBP/DKK,,CURRENCY,false
GBP/MXN,,CURRENCY,false
GBP/PLN,,CURRENCY,false
GBP/XAG,,CURRENCY,false
GBP/XAU,,CURRENCY,false
GBP/BTC,,CURRENCY,false
GBP/ETH,,CURRENCY,false
GBP/LTC,,CURRENCY,false
GBP/XRP,,CURRENCY,false
GBP/DSH,,CURRENCY,false
GBP/BCH,,CURRENCY,false
CAD/EUR,,CURRENCY,false
CAD/USD,,CURRENCY,false
CAD/GBP,,CURRENCY,false
CAD/AUD,,CURRENCY,false
CAD/NZD,,CURRENCY,false
CAD/SGD,,CURRENCY,false
CAD/NOK,,CURRENCY,false
CAD/RUB,,CURRENCY,false
CAD/SEK,,CURRENCY,false
CAD/TRY,,CURRENCY,false
CAD/ZAR,,CURRENCY,false
CAD/HKD,,CURRENCY,false
CAD/CNH,,CURRENCY,false
CAD/DKK,,CURRENCY,false
CAD/MXN,,CURRENCY,false
CAD/PLN,,CURRENCY,false
CAD/XAG,,CURRENCY,false
CAD/XAU,,CURRENCY,false
CAD/BTC,,CURRENCY,false
CAD/ETH,,CURRENCY,false
CAD/LTC,,CURRENCY,false
CAD/XRP,,CURRENCY,false
CAD/DSH,,CURRENCY,false
CAD/BCH,,CURRENCY,false
CHF/EUR,,CURRENCY,false
CHF/USD,,CURRENCY,false
CHF/GBP,,CURRENCY,false
CHF/CAD,,CURRENCY,false
CHF/AUD,,CURRENCY,false
CHF/NZD,,CURRENCY,false
CHF/NOK,,CURRENCY,false
CHF/RUB,,CURRENCY,false
CHF/SEK,,CURRENCY,false
CHF/TRY,,CURRENCY,false
CHF/ZAR,,CURRENCY,false
CHF/HKD,,CURRENCY,false
CHF/CNH,,CURRENCY,false
CHF/DKK,,CURRENCY,false
CHF/MXN,,CURRENCY,false
CHF/PLN,,CURRENCY,false
CHF/XAG,,CURRENCY,false
CHF/XAU,,CURRENCY,false
CHF/BTC,,CURRENCY,false
CHF/ETH,,CURRENCY,false
CHF/LTC,,CURRENCY,false
CHF/XRP,,CURRENCY,false
CHF/DSH,,CURRENCY,false
CHF/BCH,,CURRENCY,false
AUD/EUR,,CURRENCY,false
AUD/GBP,,CURRENCY,false
AUD/NOK,,CURRENCY,false
AUD/RUB,,CURRENCY,false
AUD/SEK,,CURRENCY,false
AUD/TRY,,CURRENCY,false
AUD/ZAR,,CURRENCY,false
AUD/HKD,,CURRENCY,false
AUD/CNH,,CURRENCY,false
AUD/DKK,,CURRENCY,false
AUD/MXN,,CURRENCY,false
AUD/PLN,,CURRENCY,false
AUD/XAG,,CURRENCY,false
AUD/XAU,,CURRENCY,false
AUD/BTC,,CURRENCY,false
AUD/ETH,,CURRENCY,false
AUD/LTC,,CURRENCY,false
AUD/XRP,,CURRENCY,false
AUD/DSH,,CURRENCY,false
AUD/BCH,,CURRENCY,false
NZD/EUR,,CURRENCY,false
NZD/GBP,,CURRENCY,false
NZD/AUD,,CURRENCY,false
NZD/SGD,,CURRENCY,false
NZD/NOK,,CURRENCY,false
NZD/RUB,,CURRENCY,false
NZD/SEK,,CURRENCY,false
NZD/TRY,,CURRENCY,false
NZD/ZAR,,CURRENCY,false
NZD/HKD,,CURRENCY,false
NZD/CNH,,CURRENCY,false
NZD/DKK,,CURRENCY,false
NZD/MXN,,CURRENCY,false
NZD/PLN,,CURRENCY,false
NZD/XAG,,CURRENCY,false
NZD/XAU,,CURRENCY,false
NZD/BTC,,CURRENCY,false
NZD/ETH,,CURRENCY,false
NZD/LTC,,CURRENCY,false
NZD/XRP,,CURRENCY,false
NZD/DSH,,CURRENCY,false
NZD/BCH,,CURRENCY,false
SGD/EUR,,CURRENCY,false
SGD/USD,,CURRENCY,false
SGD/GBP,,CURRENCY,false
SGD/CAD,,CURRENCY,false
SGD/CHF,,CURRENCY,false
SGD/AUD,,CURRENCY,false
SGD/NZD,,CURRENCY,false
SGD/NOK,,CURRENCY,false
SGD/RUB,,CURRENCY,false
SGD/SEK,,CURRENCY,false
SGD/TRY,,CURRENCY,false
SGD/ZAR,,CURRENCY,false
SGD/HKD,,CURRENCY,false
SGD/CNH,,CURRENCY,false
SGD/DKK,,CURRENCY,false
SGD/MXN,,CURRENCY,false
SGD/PLN,,CURRENCY,false
SGD/XAG,,CURRENCY,false
SGD/XAU,,CURRENCY,false
SGD/BTC,,CURRENCY,false
SGD/ETH,,CURRENCY,false
SGD/LTC,,CURRENCY,false
SGD/XRP,,CURRENCY,false
SGD/DSH,,CURRENCY,false
SGD/BCH,,CURRENCY,false
NOK/EUR,,CURRENCY,false
NOK/USD,,CURRENCY,false
NOK/GBP,,CURRENCY,false
NOK/CAD,,CURRENCY,false
NOK/CHF,,CURRENCY,false
NOK/AUD,,CURRENCY,false
NOK/NZD,,CURRENCY,false
NOK/SGD,,CURRENCY,false
NOK/RUB,,CURRENCY,false
NOK/SEK,,CURRENCY,false
NOK/TRY,,CURRENCY,false
NOK/ZAR,,CURRENCY,false
NOK/HKD,,CURRENCY,false
NOK/CNH,,CURRENCY,false
NOK/DKK,,CURRENCY,false
NOK/MXN,,CURRENCY,false
NOK/PLN,,CURRENCY,false
NOK/XAG,,CURRENCY,false
NOK/XAU,,CURRENCY,false
NOK/BTC,,CURRENCY,false
NOK/ETH,,CURRENCY,false
NOK/LTC,,CURRENCY,false
NOK/XRP,,CURRENCY,false
NOK/DSH,,CURRENCY,false
NOK/BCH,,CURRENCY,false
RUB/EUR,,CURRENCY,false
RUB/USD,,CURRENCY,false
RUB/JPY,,CURRENCY,false
RUB/GBP,,CURRENCY,false
RUB/CAD,,CURRENCY,false
RUB/CHF,,CURRENCY,false
RUB/AUD,,CURRENCY,false
RUB/NZD,,CURRENCY,false
RUB/SGD,,CURRENCY,false
RUB/NOK,,CURRENCY,false
RUB/SEK,,CURRENCY,false
RUB/TRY,,CURRENCY,false
RUB/ZAR,,CURRENCY,false
RUB/HKD,,CURRENCY,false
RUB/CNH,,CURRENCY,false
RUB/DKK,,CURRENCY,false
RUB/MXN,,CURRENCY,false
RUB/PLN,,CURRENCY,false
RUB/XAG,,CURRENCY,false
RUB/XAU,,CURRENCY,false
RUB/BTC,,CURRENCY,false
RUB/ETH,,CURRENCY,false
RUB/LTC,,CURRENCY,false
RUB/XRP,,CURRENCY,false
RUB/DSH,,CURRENCY,false
RUB/BCH,,CURRENCY,false
SEK/EUR,,CURRENCY,false
SEK/USD,,CURRENCY,false
SEK/JPY,,CURRENCY,false
SEK/GBP,,CURRENCY,false
SEK/CAD,,CURRENCY,false
SEK/CHF,,CURRENCY,false
SEK/AUD,,CURRENCY,false
SEK/NZD,,CURRENCY,false
SEK/SGD,,CURRENCY,false
SEK/NOK,,CURRENCY,false
SEK/RUB,,CURRENCY,false
SEK/TRY,,CURRENCY,false
SEK/ZAR,,CURRENCY,false
SEK/HKD,,CURRENCY,false
SEK/CNH,,CURRENCY,false
SEK/DKK,,CURRENCY,false
SEK/MXN,,CURRENCY,false
SEK/PLN,,CURRENCY,false
SEK/XAG,,CURRENCY,false
SEK/XAU,,CURRENCY,false
SEK/BTC,,CURRENCY,false
SEK/ETH,,CURRENCY,false
SEK/LTC,,CURRENCY,false
SEK/XRP,,CURRENCY,false
SEK/DSH,,CURRENCY,false
SEK/BCH,,CURRENCY,false
TRY/EUR,,CURRENCY,false
TRY/USD,,CURRENCY,false
TRY/JPY,,CURRENCY,false
TRY/GBP,,CURRENCY,false
TRY/CAD,,CURRENCY,false
TRY/CHF,,CURRENCY,false
TRY/AUD,,CURRENCY,false
TRY/NZD,,CURRENCY,false
TRY/SGD,,CURRENCY,false
TRY/NOK,,CURRENCY,false
TRY/RUB,,CURRENCY,false
TRY/SEK,,CURRENCY,false
TRY/ZAR,,CURRENCY,false
TRY/HKD,,CURRENCY,false
TRY/CNH,,CURRENCY,false
TRY/DKK,,CURRENCY,false
TRY/MXN,,CURRENCY,false
TRY/PLN,,CURRENCY,false
TRY/XAG,,CURRENCY,false
TRY/XAU,,CURRENCY,false
TRY/BTC,,CURRENCY,false
TRY/ETH,,CURRENCY,false
TRY/LTC,,CURRENCY,false
TRY/XRP,,CURRENCY,false
TRY/DSH,,CURRENCY,false
TRY/BCH,,CURRENCY,false
ZAR/EUR,,CURRENCY,false
ZAR/USD,,CURRENCY,false
ZAR/JPY,,CURRENCY,false
ZAR/GBP,,CURRENCY,false
ZAR/CAD,,CURRENCY,false
ZAR/CHF,,CURRENCY,false
ZAR/AUD,,CURRENCY,false
ZAR/NZD,,CURRENCY,false
ZAR/SGD,,CURRENCY,false
ZAR/NOK,,CURRENCY,false
ZAR/RUB,,CURRENCY,false
ZAR/SEK,,CURRENCY,false
ZAR/TRY,,CURRENCY,false
ZAR/HKD,,CURRENCY,false
ZAR/CNH,,CURRENCY,false
ZAR/DKK,,CURRENCY,false
ZAR/MXN,,CURRENCY,false
ZAR/PLN,,CURRENCY,false
ZAR/XAG,,CURRENCY,false
ZAR/XAU,,CURRENCY,false
ZAR/BTC,,CURRENCY,false
ZAR/ETH,,CURRENCY,false
ZAR/LTC,,CURRENCY,false
ZAR/XRP,,CURRENCY,false
ZAR/DSH,,CURRENCY,false
ZAR/BCH,,CURRENCY,false
HKD/EUR,,CURRENCY,false
HKD/USD,,CURRENCY,false
HKD/JPY,,CURRENCY,false
HKD/GBP,,CURRENCY,false
HKD/CAD,,CURRENCY,false
HKD/CHF,,CURRENCY,false
HKD/AUD,,CURRENCY,false
HKD/NZD,,CURRENCY,false
HKD/SGD,,CURRENCY,false
HKD/NOK,,CURRENCY,false
HKD/RUB,,CURRENCY,false
HKD/SEK,,CURRENCY,false
HKD/TRY,,CURRENCY,false
HKD/ZAR,,CURRENCY,false
HKD/CNH,,CURRENCY,false
HKD/DKK,,CURRENCY,false
HKD/MXN,,CURRENCY,false
HKD/PLN,,CURRENCY,false
HKD/XAG,,CURRENCY,false
HKD/XAU,,CURRENCY,false
HKD/BTC,,CURRENCY,false
HKD/ETH,,CURRENCY,false
HKD/LTC,,CURRENCY,false
HKD/XRP,,CURRENCY,false
HKD/DSH,,CURRENCY,false
HKD/BCH,,CURRENCY,false
CNH/EUR,,CURRENCY,false
CNH/USD,,CURRENCY,false
CNH/JPY,,CURRENCY,false
CNH/GBP,,CURRENCY,false
CNH/CAD,,CURRENCY,false
CNH/CHF,,CURRENCY,false
CNH/AUD,,CURRENCY,false
CNH/NZD,,CURRENCY,false
CNH/SGD,,CURRENCY,false
CNH/NOK,,CURRENCY,false
CNH/RUB,,CURRENCY,false
CNH/SEK,,CURRENCY,false
CNH/TRY,,CURRENCY,false
CNH/ZAR,,CURRENCY,false
CNH/HKD,,CURRENCY,false
CNH/DKK,,CURRENCY,false
CNH/MXN,,CURRENCY,false
CNH/PLN,,CURRENCY,false
CNH/XAG,,CURRENCY,false
CNH/XAU,,CURRENCY,false
CNH/BTC,,CURRENCY,false
CNH/ETH,,CURRENCY,false
CNH/LTC,,CURRENCY,false
CNH/XRP,,CURRENCY,false
CNH/DSH,,CURRENCY,false
CNH/BCH,,CURRENCY,false
DKK/EUR,,CURRENCY,false
DKK/USD,,CURRENCY,false
DKK/JPY,,CURRENCY,false
DKK/GBP,,CURRENCY,false
DKK/CAD,,CURRENCY,false
DKK/CHF,,CURRENCY,false
DKK/AUD,,CURRENCY,false
DKK/NZD,,CURRENCY,false
DKK/SGD,,CURRENCY,false
DKK/NOK,,CURRENCY,false
DKK/RUB,,CURRENCY,false
DKK/SEK,,CURRENCY,false
DKK/TRY,,CURRENCY,false
DKK/ZAR,,CURRENCY,false
DKK/HKD,,CURRENCY,false
DKK/CNH,,CURRENCY,false
DKK/MXN,,CURRENCY,false
DKK/PLN,,CURRENCY,false
DKK/XAG,,CURRENCY,false
DKK/XAU,,CURRENCY,false
DKK/BTC,,CURRENCY,false
DKK/ETH,,CURRENCY,false
DKK/LTC,,CURRENCY,false
DKK/XRP,,CURRENCY,false
DKK/DSH,,CURRENCY,false
DKK/BCH,,CURRENCY,false
MXN/EUR,,CURRENCY,false
MXN/USD,,CURRENCY,false
MXN/JPY,,CURRENCY,false
MXN/GBP,,CURRENCY,false
MXN/CAD,,CURRENCY,false
MXN/CHF,,CURRENCY,false
MXN/AUD,,CURRENCY,false
MXN/NZD,,CURRENCY,false
MXN/SGD,,CURRENCY,false
MXN/NOK,,CURRENCY,false
MXN/RUB,,CURRENCY,false
MXN/SEK,,CURRENCY,false
MXN/TRY,,CURRENCY,false
MXN/ZAR,,CURRENCY,false
MXN/HKD,,CURRENCY,false
MXN/CNH,,CURRENCY,false
MXN/DKK,,CURRENCY,false
MXN/PLN,,CURRENCY,false
MXN/XAG,,CURRENCY,false
MXN/XAU,,CURRENCY,false
MXN/BTC,,CURRENCY,false
MXN/ETH,,CURRENCY,false
MXN/LTC,,CURRENCY,false
MXN/XRP,,CURRENCY,false
MXN/DSH,,CURRENCY,false
MXN/BCH,,CURRENCY,false
PLN/EUR,,CURRENCY,false
PLN/USD,,CURRENCY,false
PLN/JPY,,CURRENCY,false
PLN/GBP,,CURRENCY,false
PLN/CAD,,CURRENCY,false
PLN/CHF,,CURRENCY,false
PLN/AUD,,CURRENCY,false
PLN/NZD,,CURRENCY,false
PLN/SGD,,CURRENCY,false
PLN/NOK,,CURRENCY,false
PLN/RUB,,CURRENCY,false
PLN/SEK,,CURRENCY,false
PLN/TRY,,CURRENCY,false
PLN/ZAR,,CURRENCY,false
PLN/HKD,,CURRENCY,false
PLN/CNH,,CURRENCY,false
PLN/DKK,,CURRENCY,false
PLN/MXN,,CURRENCY,false
PLN/XAG,,CURRENCY,false
PLN/XAU,,CURRENCY,false
PLN/BTC,,CURRENCY,false
PLN/ETH,,CURRENCY,false
PLN/LTC,,CURRENCY,false
PLN/XRP,,CURRENCY,false
PLN/DSH,,CURRENCY,false
PLN/BCH,,CURRENCY,false
XAG/JPY,,CURRENCY,false
XAG/GBP,,CURRENCY,false
XAG/CAD,,CURRENCY,false
XAG/CHF,,CURRENCY,false
XAG/AUD,,CURRENCY,false
XAG/NZD,,CURRENCY,false
XAG/SGD,,CURRENCY,false
XAG/NOK,,CURRENCY,false
XAG/RUB,,CURRENCY,false
XAG/SEK,,CURRENCY,false
XAG/TRY,,CURRENCY,false
XAG/ZAR,,CURRENCY,false
XAG/HKD,,CURRENCY,false
XAG/CNH,,CURRENCY,false
XAG/DKK,,CURRENCY,false
XAG/MXN,,CURRENCY,false
XAG/PLN,,CURRENCY,false
XAG/XAU,,CURRENCY,false
XAG/BTC,,CURRENCY,false
XAG/ETH,,CURRENCY,false
XAG/LTC,,CURRENCY,false
XAG/XRP,,CURRENCY,false
XAG/DSH,,CURRENCY,false
XAG/BCH,,CURRENCY,false
XAU/JPY,,CURRENCY,false
XAU/GBP,,CURRENCY,false
XAU/CAD,,CURRENCY,false
XAU/CHF,,CURRENCY,false
XAU/AUD,,CURRENCY,false
XAU/NZD,,CURRENCY,false
XAU/SGD,,CURRENCY,false
XAU/NOK,,CURRENCY,false
XAU/RUB,,CURRENCY,false
XAU/SEK,,CURRENCY,false
XAU/TRY,,CURRENCY,false
XAU/ZAR,,CURRENCY,false
XAU/HKD,,CURRENCY,false
XAU/CNH,,CURRENCY,false
XAU/DKK,,CURRENCY,false
XAU/MXN,,CURRENCY,false
XAU/PLN,,CURRENCY,false
XAU/XAG,,CURRENCY,false
XAU/BTC,,CURRENCY,false
XAU/ETH,,CURRENCY,false
XAU/LTC,,CURRENCY,false
XAU/XRP,,CURRENCY,false
XAU/DSH,,CURRENCY,false
XAU/BCH,,CURRENCY,false
BTC/EUR,,CURRENCY,false
BTC/JPY,,CURRENCY,false
BTC/GBP,,CURRENCY,false
BTC/CAD,,CURRENCY,false
BTC/CHF,,CURRENCY,false
BTC/AUD,,CURRENCY,false
BTC/NZD,,CURRENCY,false
BTC/SGD,,CURRENCY,false
BTC/NOK,,CURRENCY,false
BTC/RUB,,CURRENCY,false
BTC/SEK,,CURRENCY,false
BTC/TRY,,CURRENCY,false
BTC/ZAR,,CURRENCY,false
BTC/HKD,,CURRENCY,false
BTC/CNH,,CURRENCY,false
BTC/DKK,,CURRENCY,false
BTC/MXN,,CURRENCY,false
BTC/PLN,,CURRENCY,false
BTC/XAG,,CURRENCY,false
BTC/XAU,,CURRENCY,false
BTC/ETH,,CURRENCY,false
BTC/LTC,,CURRENCY,false
BTC/XRP,,CURRENCY,false
BTC/DSH,,CURRENCY,false
BTC/BCH,,CURRENCY,false
ETH/EUR,,CURRENCY,false
ETH/JPY,,CURRENCY,false
ETH/GBP,,CURRENCY,false
ETH/CAD,,CURRENCY,false
ETH/CHF,,CURRENCY,false
ETH/AUD,,CURRENCY,false
ETH/NZD,,CURRENCY,false
ETH/SGD,,CURRENCY,false
ETH/NOK,,CURRENCY,false
ETH/RUB,,CURRENCY,false
ETH/SEK,,CURRENCY,false
ETH/TRY,,CURRENCY,false
ETH/ZAR,,CURRENCY,false
ETH/HKD,,CURRENCY,false
ETH/CNH,,CURRENCY,false
ETH/DKK,,CURRENCY,false
ETH/MXN,,CURRENCY,false
ETH/PLN,,CURRENCY,false
ETH/XAG,,CURRENCY,false
ETH/XAU,,CURRENCY,false
ETH/LTC,,CURRENCY,false
ETH/XRP,,CURRENCY,false
ETH/DSH,,CURRENCY,false
ETH/BCH,,CURRENCY,false
LTC/EUR,,CURRENCY,false
LTC/JPY,,CURRENCY,false
LTC/GBP,,CURRENCY,false
LTC/CAD,,CURRENCY,false
LTC/CHF,,CURRENCY,false
LTC/AUD,,CURRENCY,false
LTC/NZD,,CURRENCY,false
LTC/SGD,,CURRENCY,false
LTC/NOK,,CURRENCY,false
LTC/RUB,,CURRENCY,false
LTC/SEK,,CURRENCY,false
LTC/TRY,,CURRENCY,false
LTC/ZAR,,CURRENCY,false
LTC/HKD,,CURRENCY,false
LTC/CNH,,CURRENCY,false
LTC/DKK,,CURRENCY,false
LTC/MXN,,CURRENCY,false
LTC/PLN,,CURRENCY,false
LTC/XAG,,CURRENCY,false
LTC/XAU,,CURRENCY,false
LTC/ETH,,CURRENCY,false
LTC/XRP,,CURRENCY,false
LTC/DSH,,CURRENCY,false
LTC/BCH,,CURRENCY,false
XRP/EUR,,CURRENCY,false
XRP/JPY,,CURRENCY,false
XRP/GBP,,CURRENCY,false
XRP/CAD,,CURRENCY,false
XRP/CHF,,CURRENCY,false
XRP/AUD,,CURRENCY,false
XRP/NZD,,CURRENCY,false
XRP/SGD,,CURRENCY,false
XRP/NOK,,CURRENCY,false
XRP/RUB,,CURRENCY,false
XRP/SEK,,CURRENCY,false
XRP/TRY,,CURRENCY,false
XRP/ZAR,,CURRENCY,false
XRP/HKD,,CURRENCY,false
XRP/CNH,,CURRENCY,false
XRP/DKK,,CURRENCY,false
XRP/MXN,,CURRENCY,false
XRP/PLN,,CURRENCY,false
XRP/XAG,,CURRENCY,false
XRP/XAU,,CURRENCY,false
XRP/ETH,,CURRENCY,false
XRP/LTC,,CURRENCY,false
XRP/DSH,,CURRENCY,false
XRP/BCH,,CURRENCY,false
DSH/EUR,,CURRENCY,false
DSH/JPY,,CURRENCY,false
DSH/GBP,,CURRENCY,false
DSH/CAD,,CURRENCY,false
DSH/CHF,,CURRENCY,false
DSH/AUD,,CURRENCY,false
DSH/NZD,,CURRENCY,false
DSH/SGD,,CURRENCY,false
DSH/NOK,,CURRENCY,false
DSH/RUB,,CURRENCY,false
DSH/SEK,,CURRENCY,false
DSH/TRY,,CURRENCY,false
DSH/ZAR,,CURRENCY,false
DSH/HKD,,CURRENCY,false
DSH/CNH,,CURRENCY,false
DSH/DKK,,CURRENCY,false
DSH/MXN,,CURRENCY,false
DSH/PLN,,CURRENCY,false
DSH/XAG,,CURRENCY,false
DSH/XAU,,CURRENCY,false
DSH/ETH,,CURRENCY,false
DSH/LTC,,CURRENCY,false
DSH/XRP,,CURRENCY,false
DSH/BCH,,CURRENCY,false
BCH/EUR,,CURRENCY,false
BCH/JPY,,CURRENCY,false
BCH/GBP,,CURRENCY,false
BCH/CAD,,CURRENCY,false
BCH/CHF,,CURRENCY,false
BCH/AUD,,CURRENCY,false
BCH/NZD,,CURRENCY,false
BCH/SGD,,CURRENCY,false
BCH/NOK,,CURRENCY,false
BCH/RUB,,CURRENCY,false
BCH/SEK,,CURRENCY,false
BCH/TRY,,CURRENCY,false
BCH/ZAR,,CURRENCY,false
BCH/HKD,,CURRENCY,false
BCH/CNH,,CURRENCY,false
BCH/DKK,,CURRENCY,false
BCH/MXN,,CURRENCY,false
BCH/PLN,,CURRENCY,false
BCH/XAG,,CURRENCY,false
BCH/XAU,,CURRENCY,false
BCH/ETH,,CURRENCY,false
BCH/LTC,,CURRENCY,false
BCH/XRP,,CURRENCY,false
BCH/DSH,,CURRENCY,false
Gold,,METAL,false
Gold/AUD,,METAL,false
Gold/CAD,,METAL,false
Gold/CHF,,METAL,false
Gold/EUR,,METAL,false
Gold/GBP,,METAL,false
Gold/HKD,,METAL,false
Gold/JPY,,METAL,false
Gold/NZD,,METAL,false
Gold/SGD,,METAL,false
Gold/Silver,,METAL,false
Palladium,,METAL,false
Platinum,,METAL,false
Silver,,METAL,false
Silver/AUD,,METAL,false
Silver/CAD,,METAL,false
Silver/CHF,,METAL,false
Silver/EUR,,METAL,false
Silver/GBP,,METAL,false
Silver/HKD,,METAL,false
Silver/JPY,,METAL,false
Silver/NZD,,METAL,false
Silver/SGD,,METAL,false
Brent Crude Oil,,CFD,false
Corn,,CFD,false
Natural Gas,,CFD,false
Soybeans,,CFD,false
Sugar,,CFD,false
West Texas Oil,,CFD,false
Wheat,,CFD,false